ablation,run,epoch,train_loss,val_loss,train_acc,val_acc,ema_val_acc,total_time_seconds
baseline,1,0,1.6104,1.331,0.5723,0.7554,,6.0239
baseline,1,1,1.2266,1.3159,0.832,0.765,,11.2468
baseline,1,2,1.2305,1.2111,0.8262,0.8223,,16.5361
baseline,1,3,1.1299,1.1221,0.8613,0.8745,,21.924
baseline,1,4,1.0498,1.1812,0.9062,0.8457,,27.4065
baseline,1,5,1.084,1.1397,0.8965,0.857,,32.9555
baseline,1,6,1.0605,1.0736,0.9141,0.8947,,38.6162
baseline,1,7,1.0059,1.0318,0.918,0.9172,,44.4219
baseline,1,8,0.9829,1.0173,0.9434,0.9233,,50.3156
baseline,1,9,0.9448,0.9951,0.9648,0.9351,,56.3103
baseline,1,10,0.9219,0.9935,0.9805,0.9336,0.9401,62.5456
baseline,1,11,0.9111,0.9927,0.9824,0.9355,0.9437,69.0329
baseline,2,0,1.4834,1.339,0.666,0.7631,,6.7848
baseline,2,1,1.2109,1.3139,0.8281,0.7699,,13.8011
baseline,2,2,1.2334,1.3593,0.8242,0.7325,,20.9025
baseline,2,3,1.1592,1.1518,0.8477,0.8535,,27.7515
baseline,2,4,1.1631,1.1806,0.8418,0.8339,,34.3777
baseline,2,5,1.0791,1.0755,0.8887,0.8891,,40.8612
baseline,2,6,1.0576,1.0746,0.9141,0.8938,,47.2683
baseline,2,7,1.0225,1.0337,0.9258,0.9137,,53.6531
baseline,2,8,1.002,1.0133,0.9297,0.9262,,60.054
baseline,2,9,0.9292,1.0004,0.9727,0.9315,,66.4951
baseline,2,10,0.9199,0.9931,0.9766,0.936,0.9384,73.0481
baseline,2,11,0.9146,0.9913,0.9863,0.937,0.9405,79.6929
baseline,3,0,1.5498,1.3598,0.5977,0.7402,,6.7231
baseline,3,1,1.209,1.2428,0.8203,0.8075,,13.4332
baseline,3,2,1.2119,1.2463,0.8281,0.8067,,20.075
baseline,3,3,1.1436,1.1318,0.8457,0.87,,26.6788
baseline,3,4,1.1143,1.1225,0.8828,0.8697,,33.2511
baseline,3,5,1.0977,1.0936,0.877,0.8864,,39.7829
baseline,3,6,1.043,1.066,0.9121,0.8987,,46.2924
baseline,3,7,1.0674,1.0326,0.8965,0.9167,,52.7977
baseline,3,8,0.9814,1.017,0.9492,0.9265,,59.3345
baseline,3,9,0.96,0.9973,0.9629,0.9361,,65.8991
baseline,3,10,0.9185,0.9973,0.9863,0.9349,0.9411,72.4807
baseline,3,11,0.9268,0.9964,0.9766,0.9346,0.9435,79.0737
no_se,1,0,1.6123,1.3607,0.5879,0.7461,,6.6144
no_se,1,1,1.2598,1.2938,0.8125,0.7686,,13.2302
no_se,1,2,1.209,1.2357,0.8242,0.8065,,19.8545
no_se,1,3,1.1279,1.1362,0.8691,0.8596,,26.4824
no_se,1,4,1.1455,1.116,0.8594,0.8727,,33.1145
no_se,1,5,1.1211,1.1858,0.8672,0.8284,,39.7263
no_se,1,6,1.0439,1.0459,0.9277,0.9095,,46.3381
no_se,1,7,1.0537,1.0303,0.918,0.9159,,52.9485
no_se,1,8,0.9639,1.0091,0.9648,0.9297,,59.5518
no_se,1,9,0.9434,0.9955,0.9688,0.9372,,66.1448
no_se,1,10,0.9243,0.9887,0.9785,0.9386,0.941,72.7482
no_se,1,11,0.9131,0.9929,0.9922,0.937,0.9431,79.3499
no_se,2,0,1.5762,1.4911,0.6172,0.66,,6.6165
no_se,2,1,1.2461,1.2429,0.8105,0.8023,,13.223
no_se,2,2,1.1768,1.1808,0.8477,0.8445,,19.807
no_se,2,3,1.1396,1.1845,0.8652,0.832,,26.4077
no_se,2,4,1.0762,1.145,0.8965,0.8575,,32.9996
no_se,2,5,1.0986,1.1096,0.8828,0.8759,,39.5852
no_se,2,6,1.0283,1.0526,0.9141,0.9034,,46.1784
no_se,2,7,1.0293,1.0324,0.9141,0.9182,,52.7537
no_se,2,8,1.0078,1.0143,0.9375,0.9244,,59.3336
no_se,2,9,0.9429,0.995,0.9746,0.9343,,65.9036
no_se,2,10,0.915,0.9909,0.9883,0.938,0.9413,72.4726
no_se,2,11,0.9136,0.9919,0.9844,0.9376,0.9433,79.0448
no_se,3,0,1.5244,1.4498,0.6484,0.6915,,6.6031
no_se,3,1,1.29,1.4876,0.7793,0.6778,,13.2053
no_se,3,2,1.1943,1.1921,0.8242,0.8305,,19.8099
no_se,3,3,1.1533,1.1129,0.8594,0.8777,,26.4157
no_se,3,4,1.1045,1.0965,0.8828,0.8845,,33.0232
no_se,3,5,1.0615,1.0919,0.9023,0.8862,,39.6173
no_se,3,6,1.04,1.0637,0.9141,0.9014,,46.2229
no_se,3,7,1.0352,1.0323,0.918,0.9156,,52.8336
no_se,3,8,0.979,1.0217,0.9492,0.9228,,59.4309
no_se,3,9,0.9404,0.9977,0.9766,0.9331,,66.048
no_se,3,10,0.9365,0.9913,0.9707,0.9349,0.9388,72.6784
no_se,3,11,0.9229,0.9948,0.9805,0.935,0.9407,79.2917
avg_pool,1,0,1.6602,1.6143,0.5645,0.6027,,6.6701
avg_pool,1,1,1.2842,1.3767,0.7559,0.7345,,13.3412
avg_pool,1,2,1.2363,1.2041,0.793,0.8153,,19.9875
avg_pool,1,3,1.1143,1.2051,0.8789,0.8224,,26.6374
avg_pool,1,4,1.1133,1.2403,0.875,0.8003,,33.2731
avg_pool,1,5,1.0918,1.1042,0.8809,0.8755,,39.9119
avg_pool,1,6,1.0547,1.0617,0.916,0.9038,,46.5443
avg_pool,1,7,1.0098,1.0371,0.9238,0.9142,,53.1582
avg_pool,1,8,0.9888,1.0276,0.9492,0.9196,,59.7676
avg_pool,1,9,0.9663,1.0009,0.9512,0.9325,,66.3716
avg_pool,1,10,0.9248,0.9945,0.9824,0.9372,0.9399,73.0012
avg_pool,1,11,0.9312,0.9955,0.9766,0.9365,0.9437,79.6176
avg_pool,2,0,1.7061,1.428,0.5195,0.6901,,6.6276
avg_pool,2,1,1.3086,1.2495,0.7578,0.8039,,13.2491
avg_pool,2,2,1.2051,1.2779,0.8223,0.7791,,19.8646
avg_pool,2,3,1.1533,1.1733,0.8652,0.8387,,26.4643
avg_pool,2,4,1.1045,1.1177,0.8711,0.8731,,33.0728
avg_pool,2,5,1.0967,1.1105,0.873,0.8723,,39.6727
avg_pool,2,6,1.0674,1.0668,0.8984,0.8999,,46.281
avg_pool,2,7,1.0049,1.0466,0.9336,0.9103,,52.8847
avg_pool,2,8,0.9727,1.023,0.9551,0.9199,,59.4795
avg_pool,2,9,0.9551,1.0001,0.9648,0.934,,66.0711
avg_pool,2,10,0.9248,0.9975,0.9824,0.9361,0.9418,72.671
avg_pool,2,11,0.9209,0.9945,0.9863,0.9362,0.9417,79.2701
avg_pool,3,0,1.6084,1.3928,0.5879,0.7148,,6.6031
avg_pool,3,1,1.3076,1.2618,0.7617,0.792,,13.2104
avg_pool,3,2,1.2041,1.1856,0.832,0.8311,,19.8228
avg_pool,3,3,1.1396,1.195,0.8457,0.8252,,26.4038
avg_pool,3,4,1.1328,1.143,0.8711,0.8538,,32.9932
avg_pool,3,5,1.0693,1.1159,0.9043,0.8709,,39.5842
avg_pool,3,6,1.043,1.0669,0.9102,0.8981,,46.1583
avg_pool,3,7,0.9917,1.043,0.9453,0.9148,,52.7326
avg_pool,3,8,0.9702,1.0172,0.9531,0.9226,,59.3049
avg_pool,3,9,0.9673,1.0004,0.957,0.9338,,65.8699
avg_pool,3,10,0.936,0.9969,0.9707,0.9353,0.9403,72.4555
avg_pool,3,11,0.9268,0.9955,0.9883,0.9374,0.9417,79.0395
no_whitening,1,0,1.6318,1.4705,0.5586,0.6749,,6.6774
no_whitening,1,1,1.2861,1.5084,0.7773,0.6734,,13.3274
no_whitening,1,2,1.252,1.295,0.791,0.7735,,19.9844
no_whitening,1,3,1.2168,1.2818,0.8145,0.7738,,26.6524
no_whitening,1,4,1.1191,1.1817,0.8613,0.8326,,33.3215
no_whitening,1,5,1.1143,1.1245,0.877,0.867,,39.993
no_whitening,1,6,1.1211,1.0819,0.8691,0.8898,,46.6666
no_whitening,1,7,1.0508,1.0611,0.9043,0.8992,,53.3316
no_whitening,1,8,1.0156,1.038,0.9238,0.9115,,60.028
no_whitening,1,9,0.9712,1.0227,0.957,0.9229,,66.7235
no_whitening,1,10,0.9502,1.0128,0.9648,0.9233,0.9313,73.435
no_whitening,1,11,0.9429,1.0078,0.9707,0.9288,0.9336,80.1532
no_whitening,2,0,1.6816,1.6481,0.5449,0.5684,,6.735
no_whitening,2,1,1.3232,1.2636,0.7617,0.7968,,13.4659
no_whitening,2,2,1.2246,1.2159,0.8184,0.8198,,20.1996
no_whitening,2,3,1.1504,1.2215,0.8574,0.8163,,26.9233
no_whitening,2,4,1.083,1.1449,0.8945,0.8559,,33.6383
no_whitening,2,5,1.0928,1.1143,0.8848,0.8746,,40.3618
no_whitening,2,6,1.0547,1.0848,0.916,0.8899,,47.0827
no_whitening,2,7,1.0605,1.0599,0.9199,0.9024,,53.8148
no_whitening,2,8,1.0195,1.0288,0.9258,0.9194,,60.5443
no_whitening,2,9,0.9639,1.0146,0.9609,0.9256,,67.2702
no_whitening,2,10,0.9365,1.0093,0.9805,0.9258,0.9342,74.0225
no_whitening,2,11,0.9312,1.0054,0.9766,0.9297,0.9366,80.7693
no_whitening,3,0,1.6807,1.4792,0.5234,0.6733,,6.7572
no_whitening,3,1,1.3086,1.4574,0.7773,0.6803,,13.5211
no_whitening,3,2,1.2539,1.2645,0.7969,0.7952,,20.2693
no_whitening,3,3,1.2197,1.1791,0.8242,0.8334,,27.0236
no_whitening,3,4,1.1455,1.1548,0.8379,0.8506,,33.7726
no_whitening,3,5,1.1094,1.116,0.8887,0.8717,,40.5226
no_whitening,3,6,1.0625,1.1322,0.8965,0.8614,,47.2776
no_whitening,3,7,1.0166,1.0501,0.9336,0.9066,,54.0207
no_whitening,3,8,1.0068,1.0343,0.9336,0.9142,,60.7642
no_whitening,3,9,0.9624,1.0193,0.9648,0.9232,,67.4908
no_whitening,3,10,0.9546,1.0135,0.9668,0.9244,0.9312,74.2281
no_whitening,3,11,0.9336,1.0059,0.9785,0.9314,0.9338,80.9566
no_flip,1,0,1.5527,1.496,0.6328,0.6613,,6.6044
no_flip,1,1,1.2783,1.3355,0.7734,0.7487,,13.2016
no_flip,1,2,1.1943,1.1797,0.8105,0.8415,,19.8003
no_flip,1,3,1.125,1.2134,0.8828,0.8166,,26.383
no_flip,1,4,1.0674,1.1223,0.8926,0.87,,32.955
no_flip,1,5,1.0635,1.0997,0.8926,0.8798,,39.5222
no_flip,1,6,1.002,1.077,0.9434,0.891,,46.0934
no_flip,1,7,0.9746,1.0443,0.9453,0.9112,,52.6342
no_flip,1,8,0.9336,1.019,0.9766,0.9232,,59.1685
no_flip,1,9,0.915,1.0014,0.9844,0.932,,65.7118
no_flip,1,10,0.8853,0.9948,0.998,0.9371,0.9364,72.2434
no_flip,1,11,0.8843,0.9941,0.998,0.9374,0.9378,78.781
no_flip,2,0,1.6006,1.527,0.5801,0.643,,6.5865
no_flip,2,1,1.2178,1.3071,0.8125,0.7689,,13.139
no_flip,2,2,1.1523,1.2633,0.8555,0.7888,,19.7005
no_flip,2,3,1.1348,1.1808,0.8633,0.8316,,26.2506
no_flip,2,4,1.0801,1.163,0.8848,0.8452,,32.8069
no_flip,2,5,1.0254,1.0941,0.9277,0.8886,,39.3471
no_flip,2,6,0.9795,1.074,0.9531,0.8942,,45.8893
no_flip,2,7,0.9707,1.0385,0.9551,0.9133,,52.4287
no_flip,2,8,0.9395,1.0325,0.9727,0.9153,,58.954
no_flip,2,9,0.9019,1.0055,0.9941,0.9299,,65.4717
no_flip,2,10,0.8877,1.002,0.998,0.934,0.9337,71.99
no_flip,2,11,0.8848,1.0024,0.998,0.9315,0.9367,78.5237
no_flip,3,0,1.4951,1.4663,0.6465,0.6695,,6.5874
no_flip,3,1,1.2539,1.4006,0.8086,0.7145,,13.1803
no_flip,3,2,1.1963,1.2232,0.8262,0.813,,19.7576
no_flip,3,3,1.1045,1.1329,0.8887,0.8641,,26.3313
no_flip,3,4,1.0596,1.1145,0.9043,0.8769,,32.92
no_flip,3,5,1.0391,1.1053,0.9062,0.88,,39.5007
no_flip,3,6,0.9814,1.068,0.9473,0.898,,46.0814
no_flip,3,7,0.9585,1.0373,0.9648,0.914,,52.6621
no_flip,3,8,0.9453,1.0199,0.9648,0.9236,,59.2422
no_flip,3,9,0.895,1.0056,0.9961,0.9316,,65.8195
no_flip,3,10,0.8887,1.0006,0.998,0.9332,0.9344,72.4066
no_flip,3,11,0.8823,1.0032,0.9961,0.9307,0.9358,78.9942
no_crop,1,0,1.5293,1.4544,0.6094,0.6944,,10.2567
no_crop,1,1,1.249,1.4037,0.8027,0.7397,,20.4966
no_crop,1,2,1.1348,1.337,0.8574,0.7839,,30.7254
no_crop,1,3,1.0635,1.3286,0.9082,0.7777,,40.943
no_crop,1,4,1.0615,1.2219,0.9102,0.8512,,51.174
no_crop,1,5,0.9819,1.2098,0.9609,0.8593,,61.3978
no_crop,1,6,1.0107,1.2026,0.9395,0.8627,,71.6226
no_crop,1,7,0.9551,1.1849,0.9727,0.8757,,81.8425
no_crop,1,8,0.9185,1.1643,0.9922,0.8922,,92.048
no_crop,1,9,0.8989,1.1656,0.9922,0.8974,,102.2328
no_crop,1,10,0.8857,1.1698,0.9941,0.9026,0.9036,112.4103
no_crop,1,11,0.8774,1.1775,1.0,0.9022,0.9056,122.5538
no_crop,2,0,1.4834,1.4566,0.6543,0.6911,,10.2281
no_crop,2,1,1.2051,1.5681,0.8301,0.6355,,20.4367
no_crop,2,2,1.2051,1.3601,0.8418,0.7626,,30.6231
no_crop,2,3,1.085,1.2558,0.8965,0.8322,,40.792
no_crop,2,4,1.0703,1.2236,0.9023,0.8488,,50.9461
no_crop,2,5,1.0049,1.201,0.9453,0.8658,,61.0892
no_crop,2,6,0.9863,1.1931,0.9453,0.8703,,71.2305
no_crop,2,7,0.957,1.1692,0.9629,0.8827,,81.3386
no_crop,2,8,0.9194,1.1585,0.9844,0.8948,,91.429
no_crop,2,9,0.896,1.1515,0.998,0.9016,,101.5093
no_crop,2,10,0.8823,1.1631,0.998,0.9008,0.9034,111.5703
no_crop,2,11,0.8765,1.1701,1.0,0.8989,0.9055,121.6367
no_crop,3,0,1.4893,1.4911,0.668,0.6673,,10.1438
no_crop,3,1,1.2334,1.5419,0.8066,0.6479,,20.2724
no_crop,3,2,1.1729,1.362,0.8535,0.7598,,30.4109
no_crop,3,3,1.0762,1.2418,0.9121,0.8338,,40.5177
no_crop,3,4,1.0693,1.2488,0.9043,0.8413,,50.6257
no_crop,3,5,1.0312,1.2195,0.918,0.8539,,60.7155
no_crop,3,6,0.9873,1.2019,0.9492,0.8529,,70.7974
no_crop,3,7,0.9438,1.2006,0.9688,0.8718,,80.8823
no_crop,3,8,0.9102,1.1637,0.9863,0.8907,,90.9397
no_crop,3,9,0.8916,1.1617,1.0,0.8993,,100.9499
no_crop,3,10,0.8823,1.1763,0.998,0.8965,0.9047,110.9691
no_crop,3,11,0.8779,1.1807,1.0,0.9069,0.9068,120.9944
whitening_unfreeze,1,0,1.4902,1.4055,0.6602,0.7162,,6.5692
whitening_unfreeze,1,1,1.2529,1.3281,0.8047,0.7549,,13.1369
whitening_unfreeze,1,2,1.1895,1.2544,0.8203,0.7982,,19.7079
whitening_unfreeze,1,3,1.1191,1.1698,0.8633,0.8411,,26.2634
whitening_unfreeze,1,4,1.126,1.1475,0.8574,0.8548,,32.8401
whitening_unfreeze,1,5,1.0801,1.1182,0.8906,0.8665,,39.4242
whitening_unfreeze,1,6,1.0332,1.0718,0.9062,0.8965,,46.0136
whitening_unfreeze,1,7,1.0039,1.0414,0.9297,0.9102,,52.5935
whitening_unfreeze,1,8,1.0107,1.0208,0.9316,0.9202,,59.179
whitening_unfreeze,1,9,0.9604,0.9977,0.9629,0.9343,,65.7579
whitening_unfreeze,1,10,0.9141,0.9959,0.9863,0.9344,0.9391,72.3519
whitening_unfreeze,1,11,0.9141,0.991,0.9883,0.9375,0.943,78.9464
whitening_unfreeze,2,0,1.5703,1.4537,0.5781,0.6797,,6.6142
whitening_unfreeze,2,1,1.2402,1.3563,0.7969,0.74,,13.2285
whitening_unfreeze,2,2,1.2207,1.2146,0.8164,0.8168,,19.8358
whitening_unfreeze,2,3,1.1367,1.147,0.8652,0.8574,,26.4533
whitening_unfreeze,2,4,1.1338,1.1566,0.875,0.8497,,33.0659
whitening_unfreeze,2,5,1.0605,1.0833,0.9023,0.8916,,39.6762
whitening_unfreeze,2,6,1.041,1.0554,0.9121,0.9066,,46.2799
whitening_unfreeze,2,7,1.0049,1.0436,0.9336,0.9093,,52.8823
whitening_unfreeze,2,8,0.9873,1.017,0.9453,0.9249,,59.4923
whitening_unfreeze,2,9,0.9512,0.9973,0.9609,0.9323,,66.0979
whitening_unfreeze,2,10,0.9546,0.9956,0.9609,0.9344,0.9388,72.7274
whitening_unfreeze,2,11,0.9155,0.9958,0.9824,0.9338,0.941,79.34
whitening_unfreeze,3,0,1.5498,1.3773,0.6328,0.7251,,6.6378
whitening_unfreeze,3,1,1.3057,1.5508,0.7578,0.6307,,13.2637
whitening_unfreeze,3,2,1.1738,1.4024,0.8438,0.7167,,19.8968
whitening_unfreeze,3,3,1.1816,1.1217,0.8379,0.8729,,26.5241
whitening_unfreeze,3,4,1.1172,1.1263,0.8691,0.868,,33.1422
whitening_unfreeze,3,5,1.0811,1.0868,0.9023,0.8883,,39.7679
whitening_unfreeze,3,6,1.0342,1.06,0.9121,0.9001,,46.3912
whitening_unfreeze,3,7,1.0166,1.0418,0.9277,0.9091,,53.008
whitening_unfreeze,3,8,0.958,1.0181,0.9629,0.924,,59.6271
whitening_unfreeze,3,9,0.9355,0.9989,0.9785,0.9347,,66.2408
whitening_unfreeze,3,10,0.9194,0.9919,0.9824,0.9375,0.94,72.8775
whitening_unfreeze,3,11,0.9175,0.9898,0.9883,0.9389,0.9423,79.5152
whitening_k3,1,0,1.5781,1.4983,0.6172,0.6749,,6.6387
whitening_k3,1,1,1.2539,1.2844,0.8008,0.7841,,13.2798
whitening_k3,1,2,1.1992,1.2378,0.832,0.8019,,19.9109
whitening_k3,1,3,1.1709,1.175,0.832,0.8372,,26.5237
whitening_k3,1,4,1.0713,1.1915,0.8965,0.8254,,33.1398
whitening_k3,1,5,1.084,1.0978,0.8926,0.8835,,39.7533
whitening_k3,1,6,1.04,1.0619,0.9043,0.9034,,46.3414
whitening_k3,1,7,1.0293,1.0385,0.9238,0.9161,,52.9296
whitening_k3,1,8,0.9575,1.0102,0.9609,0.926,,59.5069
whitening_k3,1,9,0.9385,0.9957,0.9727,0.936,,66.0729
whitening_k3,1,10,0.9238,0.9946,0.9785,0.9344,0.9413,72.6434
whitening_k3,1,11,0.9165,0.9966,0.9902,0.9346,0.9429,79.2017
whitening_k3,2,0,1.542,1.4837,0.625,0.6591,,6.5963
whitening_k3,2,1,1.2627,1.278,0.8008,0.7841,,13.1867
whitening_k3,2,2,1.1904,1.3082,0.8438,0.7625,,19.7795
whitening_k3,2,3,1.1553,1.208,0.8398,0.8189,,26.3555
whitening_k3,2,4,1.1104,1.1474,0.8867,0.8535,,32.9433
whitening_k3,2,5,1.0674,1.098,0.9121,0.8788,,39.5162
whitening_k3,2,6,1.0674,1.0607,0.8926,0.9007,,46.091
whitening_k3,2,7,1.0264,1.0451,0.9238,0.9084,,52.6426
whitening_k3,2,8,0.9771,1.0157,0.9531,0.925,,59.1929
whitening_k3,2,9,0.9561,0.9983,0.9668,0.9331,,65.7527
whitening_k3,2,10,0.9292,0.992,0.9707,0.938,0.9416,72.3059
whitening_k3,2,11,0.9146,0.9892,0.9883,0.9398,0.9434,78.8707
whitening_k3,3,0,1.5371,1.443,0.625,0.6916,,6.5685
whitening_k3,3,1,1.2266,1.3652,0.8125,0.7329,,13.1379
whitening_k3,3,2,1.2217,1.215,0.8223,0.8236,,19.7093
whitening_k3,3,3,1.1582,1.2215,0.8594,0.8138,,26.2732
whitening_k3,3,4,1.1035,1.1496,0.8809,0.8536,,32.8469
whitening_k3,3,5,1.0498,1.1052,0.9082,0.8804,,39.4209
whitening_k3,3,6,1.0645,1.0899,0.8984,0.8851,,45.9994
whitening_k3,3,7,1.0107,1.0438,0.9219,0.9119,,52.5862
whitening_k3,3,8,0.9609,1.0219,0.9648,0.9218,,59.1683
whitening_k3,3,9,0.9346,0.9976,0.9746,0.9328,,65.761
whitening_k3,3,10,0.9238,0.9998,0.9824,0.9325,0.9395,72.366
whitening_k3,3,11,0.918,0.9926,0.9844,0.9359,0.9429,78.9733
no_label_smooth,1,0,1.1016,1.008,0.5879,0.6576,,6.6241
no_label_smooth,1,1,0.6533,1.038,0.7832,0.6631,,13.2519
no_label_smooth,1,2,0.626,0.8376,0.791,0.7361,,19.8871
no_label_smooth,1,3,0.5034,0.4741,0.8242,0.8405,,26.5204
no_label_smooth,1,4,0.354,0.4106,0.8789,0.858,,33.1431
no_label_smooth,1,5,0.3921,0.8235,0.8633,0.7449,,39.7792
no_label_smooth,1,6,0.3203,0.4026,0.877,0.8685,,46.411
no_label_smooth,1,7,0.272,0.2763,0.9023,0.9064,,53.0349
no_label_smooth,1,8,0.2233,0.2408,0.918,0.9185,,59.6667
no_label_smooth,1,9,0.1351,0.2214,0.957,0.9277,,66.2912
no_label_smooth,1,10,0.0914,0.2077,0.9707,0.9316,0.9381,72.9271
no_label_smooth,1,11,0.086,0.2119,0.9727,0.9315,0.9394,79.5726
no_label_smooth,2,0,1.2217,0.8971,0.541,0.6938,,6.6499
no_label_smooth,2,1,0.6499,0.7497,0.7793,0.7464,,13.2976
no_label_smooth,2,2,0.52,1.0631,0.8262,0.6529,,19.9504
no_label_smooth,2,3,0.4482,0.9218,0.8457,0.7154,,26.6015
no_label_smooth,2,4,0.415,0.3847,0.8535,0.8721,,33.2414
no_label_smooth,2,5,0.2969,0.4396,0.8984,0.8499,,39.8768
no_label_smooth,2,6,0.2905,0.3893,0.8984,0.8649,,46.5011
no_label_smooth,2,7,0.2457,0.3413,0.9121,0.8832,,53.1155
no_label_smooth,2,8,0.2273,0.2452,0.9258,0.917,,59.7172
no_label_smooth,2,9,0.1512,0.2143,0.9551,0.9284,,66.3161
no_label_smooth,2,10,0.0804,0.2022,0.9766,0.9309,0.9377,72.9264
no_label_smooth,2,11,0.0909,0.2132,0.9668,0.9316,0.9405,79.5215
no_label_smooth,3,0,0.9531,0.7383,0.6641,0.7416,,6.6101
no_label_smooth,3,1,0.6689,0.7279,0.7754,0.7485,,13.2121
no_label_smooth,3,2,0.6763,0.664,0.7715,0.7695,,19.8097
no_label_smooth,3,3,0.4387,0.5705,0.8613,0.8019,,26.4226
no_label_smooth,3,4,0.5015,0.5021,0.8477,0.8356,,33.0208
no_label_smooth,3,5,0.376,0.432,0.8633,0.8519,,39.6019
no_label_smooth,3,6,0.3088,0.3029,0.9043,0.8956,,46.1874
no_label_smooth,3,7,0.2271,0.2786,0.9297,0.9034,,52.7678
no_label_smooth,3,8,0.1622,0.2455,0.9492,0.916,,59.3406
no_label_smooth,3,9,0.0972,0.2099,0.9707,0.9296,,65.8895
no_label_smooth,3,10,0.1072,0.2003,0.957,0.9334,0.939,72.4457
no_label_smooth,3,11,0.1227,0.214,0.9609,0.9295,0.9408,78.9899
label_smooth_05,1,0,1.1875,0.9009,0.6055,0.7599,,6.5823
label_smooth_05,1,1,0.8862,0.8617,0.7754,0.7776,,13.1546
label_smooth_05,1,2,0.8091,0.766,0.7988,0.8229,,19.7172
label_smooth_05,1,3,0.6846,0.9596,0.8438,0.7454,,26.2747
label_smooth_05,1,4,0.6445,0.6134,0.8613,0.8783,,32.8359
label_smooth_05,1,5,0.6328,0.7363,0.8594,0.8285,,39.3986
label_smooth_05,1,6,0.5322,0.5476,0.9043,0.9007,,45.962
label_smooth_05,1,7,0.5107,0.5143,0.9199,0.9146,,52.5175
label_smooth_05,1,8,0.4846,0.4973,0.918,0.9209,,59.059
label_smooth_05,1,9,0.374,0.4636,0.9727,0.9331,,65.5898
label_smooth_05,1,10,0.3579,0.4592,0.9805,0.9344,0.9407,72.1524
label_smooth_05,1,11,0.3582,0.4498,0.9746,0.9382,0.9418,78.7274
label_smooth_05,2,0,1.1963,0.9274,0.627,0.7476,,6.5985
label_smooth_05,2,1,0.8501,0.94,0.7812,0.7655,,13.1979
label_smooth_05,2,2,0.7368,0.8339,0.8262,0.7873,,19.802
label_smooth_05,2,3,0.6797,0.6822,0.8555,0.8497,,26.4077
label_smooth_05,2,4,0.6621,0.625,0.8555,0.8752,,33.0164
label_smooth_05,2,5,0.5381,0.5974,0.9082,0.8811,,39.6206
label_smooth_05,2,6,0.5596,0.5766,0.9043,0.8891,,46.2288
label_smooth_05,2,7,0.488,0.5111,0.916,0.9141,,52.8391
label_smooth_05,2,8,0.4399,0.4896,0.9355,0.9232,,59.4427
label_smooth_05,2,9,0.417,0.4647,0.9551,0.9314,,66.0453
label_smooth_05,2,10,0.3684,0.4592,0.9746,0.9332,0.9393,72.685
label_smooth_05,2,11,0.3591,0.4557,0.9785,0.9378,0.9431,79.3278
label_smooth_05,3,0,1.1836,0.9466,0.6426,0.748,,6.6411
label_smooth_05,3,1,0.9175,0.8808,0.75,0.7798,,13.2843
label_smooth_05,3,2,0.748,0.8196,0.8242,0.7914,,19.9181
label_smooth_05,3,3,0.709,0.9495,0.832,0.7463,,26.5399
label_smooth_05,3,4,0.6323,0.7291,0.873,0.8292,,33.159
label_smooth_05,3,5,0.6221,0.6472,0.8711,0.863,,39.7805
label_smooth_05,3,6,0.5503,0.5763,0.9023,0.8888,,46.3922
label_smooth_05,3,7,0.491,0.5285,0.9238,0.9092,,53.0001
label_smooth_05,3,8,0.4929,0.5019,0.9238,0.9201,,59.601
label_smooth_05,3,9,0.4028,0.468,0.9648,0.9317,,66.1911
label_smooth_05,3,10,0.3677,0.4632,0.9707,0.9338,0.9417,72.7995
label_smooth_05,3,11,0.3594,0.4569,0.9824,0.9349,0.9419,79.4056
cutout_8,1,0,1.5146,1.5413,0.6309,0.6441,,6.6041
cutout_8,1,1,1.2246,1.2362,0.8223,0.8113,,13.2136
cutout_8,1,2,1.1709,1.1822,0.8535,0.8398,,19.8113
cutout_8,1,3,1.123,1.2279,0.8691,0.8081,,26.41
cutout_8,1,4,1.1455,1.1254,0.8574,0.869,,32.9975
cutout_8,1,5,1.0566,1.0747,0.8965,0.8951,,39.5928
cutout_8,1,6,1.0391,1.0631,0.9238,0.9007,,46.1739
cutout_8,1,7,1.0107,1.05,0.9297,0.9069,,52.7588
cutout_8,1,8,0.9932,1.0217,0.9434,0.9204,,59.3334
cutout_8,1,9,0.9546,0.9984,0.9531,0.9307,,65.9093
cutout_8,1,10,0.9331,0.9925,0.9746,0.9359,0.9397,72.4879
cutout_8,1,11,0.9204,0.9884,0.9785,0.938,0.9419,79.0676
cutout_8,2,0,1.5635,1.4053,0.6387,0.7201,,6.6112
cutout_8,2,1,1.2393,1.3048,0.8125,0.7746,,13.2103
cutout_8,2,2,1.1816,1.2141,0.834,0.8164,,19.8048
cutout_8,2,3,1.1143,1.2126,0.877,0.8179,,26.4007
cutout_8,2,4,1.1201,1.133,0.8613,0.8591,,32.9939
cutout_8,2,5,1.0869,1.0723,0.8926,0.897,,39.5727
cutout_8,2,6,1.0752,1.0599,0.8906,0.9036,,46.1602
cutout_8,2,7,1.0166,1.0404,0.9238,0.9112,,52.7481
cutout_8,2,8,0.9922,1.015,0.9277,0.9252,,59.3338
cutout_8,2,9,0.9829,0.9986,0.9395,0.9326,,65.9161
cutout_8,2,10,0.9346,0.9969,0.9688,0.9345,0.9407,72.4827
cutout_8,2,11,0.917,0.9906,0.9805,0.9358,0.9412,79.049
cutout_8,3,0,1.5215,1.4532,0.6367,0.6969,,6.6036
cutout_8,3,1,1.2578,1.3554,0.7988,0.7364,,13.2043
cutout_8,3,2,1.1504,1.2064,0.877,0.8217,,19.7821
cutout_8,3,3,1.1299,1.2007,0.8633,0.8239,,26.3709
cutout_8,3,4,1.0674,1.1022,0.8965,0.881,,32.9447
cutout_8,3,5,1.0352,1.1227,0.9219,0.8663,,39.5116
cutout_8,3,6,1.0654,1.0513,0.9023,0.9091,,46.0758
cutout_8,3,7,1.0215,1.0324,0.9121,0.919,,52.6529
cutout_8,3,8,0.9707,1.0168,0.9551,0.9254,,59.2081
cutout_8,3,9,0.9302,0.9956,0.9766,0.9351,,65.7663
cutout_8,3,10,0.9292,0.9917,0.9707,0.9388,0.9437,72.3303
cutout_8,3,11,0.9141,0.9898,0.9902,0.9384,0.9462,78.8984
cutout_12,1,0,1.5762,1.4275,0.5859,0.7081,,6.5913
cutout_12,1,1,1.248,1.2334,0.8047,0.8194,,13.1906
cutout_12,1,2,1.2256,1.3993,0.8223,0.7084,,19.7889
cutout_12,1,3,1.1494,1.2171,0.8555,0.8148,,26.3711
cutout_12,1,4,1.1309,1.1272,0.8789,0.865,,32.9515
cutout_12,1,5,1.1045,1.0863,0.8672,0.888,,39.5264
cutout_12,1,6,1.0693,1.0798,0.8789,0.8881,,46.0823
cutout_12,1,7,1.0361,1.0566,0.916,0.9027,,52.6532
cutout_12,1,8,0.9761,1.0175,0.9512,0.9248,,59.2147
cutout_12,1,9,0.9487,1.0006,0.9629,0.9313,,65.7821
cutout_12,1,10,0.9136,0.9922,0.9883,0.9361,0.9391,72.3445
cutout_12,1,11,0.9131,0.9955,0.9844,0.9365,0.9428,78.9255
cutout_12,2,0,1.5771,1.3927,0.6016,0.7287,,6.602
cutout_12,2,1,1.2246,1.3034,0.8203,0.7708,,13.1933
cutout_12,2,2,1.1729,1.2024,0.8398,0.8296,,19.7894
cutout_12,2,3,1.125,1.1345,0.8691,0.8607,,26.3697
cutout_12,2,4,1.0703,1.147,0.9004,0.8561,,32.9531
cutout_12,2,5,1.0732,1.0957,0.8965,0.8811,,39.5236
cutout_12,2,6,1.0283,1.0521,0.9102,0.9076,,46.1034
cutout_12,2,7,1.0088,1.0416,0.9336,0.9124,,52.6982
cutout_12,2,8,0.9966,1.0185,0.9277,0.9239,,59.2654
cutout_12,2,9,0.9409,0.9952,0.9727,0.9353,,65.8338
cutout_12,2,10,0.9355,0.9893,0.9746,0.9387,0.9401,72.4053
cutout_12,2,11,0.9185,0.9912,0.9844,0.9355,0.9414,78.9834
cutout_12,3,0,1.5244,1.4261,0.6328,0.7061,,6.6049
cutout_12,3,1,1.2549,1.2847,0.8047,0.7786,,13.2044
cutout_12,3,2,1.2373,1.2236,0.8203,0.8127,,19.7827
cutout_12,3,3,1.1719,1.1822,0.8516,0.8344,,26.3796
cutout_12,3,4,1.1064,1.1247,0.873,0.87,,32.972
cutout_12,3,5,1.0742,1.0958,0.9004,0.8793,,39.566
cutout_12,3,6,1.0322,1.0697,0.9219,0.8957,,46.1539
cutout_12,3,7,1.0449,1.0469,0.9121,0.9058,,52.7371
cutout_12,3,8,0.9639,1.0204,0.9473,0.9217,,59.3241
cutout_12,3,9,0.9644,0.9933,0.959,0.9363,,65.9028
cutout_12,3,10,0.9229,0.9888,0.9785,0.94,0.9422,72.4859
cutout_12,3,11,0.9023,0.99,0.9961,0.9387,0.9445,79.0782
flip_and_cutout_8,1,0,1.5527,1.3788,0.6387,0.7313,,6.6229
flip_and_cutout_8,1,1,1.2373,1.3032,0.8086,0.7773,,13.2288
flip_and_cutout_8,1,2,1.2412,1.2355,0.8359,0.8045,,19.8224
flip_and_cutout_8,1,3,1.168,1.2209,0.8496,0.815,,26.4261
flip_and_cutout_8,1,4,1.0928,1.109,0.8887,0.877,,33.026
flip_and_cutout_8,1,5,1.0615,1.0894,0.9121,0.8871,,39.6201
flip_and_cutout_8,1,6,1.0352,1.0615,0.9082,0.9004,,46.2262
flip_and_cutout_8,1,7,1.0273,1.0407,0.9316,0.9126,,52.8233
flip_and_cutout_8,1,8,0.98,1.0382,0.9492,0.9113,,59.4266
flip_and_cutout_8,1,9,0.9478,0.998,0.9688,0.9337,,66.0148
flip_and_cutout_8,1,10,0.9312,0.9953,0.9766,0.9372,0.9408,72.6117
flip_and_cutout_8,1,11,0.9258,0.9911,0.9785,0.9359,0.9439,79.221
flip_and_cutout_8,2,0,1.5244,1.472,0.6484,0.6862,,6.617
flip_and_cutout_8,2,1,1.2705,1.2509,0.7852,0.8001,,13.2428
flip_and_cutout_8,2,2,1.1973,1.292,0.8125,0.7697,,19.8574
flip_and_cutout_8,2,3,1.1377,1.3013,0.8574,0.7678,,26.4628
flip_and_cutout_8,2,4,1.1494,1.1181,0.8359,0.8709,,33.0737
flip_and_cutout_8,2,5,1.0811,1.0871,0.8848,0.8873,,39.6897
flip_and_cutout_8,2,6,1.0693,1.0678,0.9043,0.8981,,46.2982
flip_and_cutout_8,2,7,1.0234,1.0444,0.918,0.9094,,52.9092
flip_and_cutout_8,2,8,0.9941,1.0127,0.9316,0.9284,,59.5082
flip_and_cutout_8,2,9,0.9639,0.9973,0.957,0.9351,,66.1077
flip_and_cutout_8,2,10,0.9282,0.9952,0.9766,0.9363,0.9403,72.7331
flip_and_cutout_8,2,11,0.9292,0.9938,0.9727,0.9361,0.9427,79.3598
flip_and_cutout_8,3,0,1.5713,1.3428,0.625,0.7468,,6.629
flip_and_cutout_8,3,1,1.2344,1.2896,0.8184,0.7723,,13.2617
flip_and_cutout_8,3,2,1.1777,1.2384,0.8379,0.8017,,19.8687
flip_and_cutout_8,3,3,1.126,1.1513,0.8652,0.8604,,26.4817
flip_and_cutout_8,3,4,1.1357,1.1144,0.8672,0.8751,,33.1126
flip_and_cutout_8,3,5,1.0693,1.0859,0.9102,0.8911,,39.7363
flip_and_cutout_8,3,6,1.0547,1.0751,0.9141,0.893,,46.3489
flip_and_cutout_8,3,7,1.0039,1.0489,0.9375,0.9064,,52.9739
flip_and_cutout_8,3,8,0.9946,1.0163,0.9375,0.9262,,59.5944
flip_and_cutout_8,3,9,0.9624,0.9951,0.9531,0.9343,,66.2048
flip_and_cutout_8,3,10,0.9131,0.9908,0.9863,0.9368,0.9429,72.8309
flip_and_cutout_8,3,11,0.9126,0.9907,0.9863,0.9357,0.9426,79.4479
no_flip_cutout_8,1,0,1.5381,1.4034,0.6523,0.7075,,6.6237
no_flip_cutout_8,1,1,1.2529,1.2518,0.8145,0.8066,,13.2526
no_flip_cutout_8,1,2,1.2334,1.1459,0.8125,0.8582,,19.8749
no_flip_cutout_8,1,3,1.1436,1.2927,0.8574,0.7795,,26.486
no_flip_cutout_8,1,4,1.1006,1.15,0.8848,0.853,,33.1034
no_flip_cutout_8,1,5,1.0771,1.117,0.8828,0.8722,,39.7157
no_flip_cutout_8,1,6,0.999,1.0689,0.9453,0.8937,,46.3228
no_flip_cutout_8,1,7,0.9624,1.0358,0.9551,0.9166,,52.935
no_flip_cutout_8,1,8,0.936,1.0205,0.9746,0.9227,,59.5298
no_flip_cutout_8,1,9,0.8999,1.0034,0.9922,0.9306,,66.13
no_flip_cutout_8,1,10,0.8804,1.0007,1.0,0.9336,0.935,72.7408
no_flip_cutout_8,1,11,0.8887,0.9979,0.9961,0.9353,0.9376,79.3462
no_flip_cutout_8,2,0,1.5615,1.3848,0.5859,0.7258,,6.6501
no_flip_cutout_8,2,1,1.2363,1.3187,0.8145,0.7618,,13.2882
no_flip_cutout_8,2,2,1.208,1.3331,0.8242,0.7545,,19.917
no_flip_cutout_8,2,3,1.1191,1.1584,0.875,0.8506,,26.5363
no_flip_cutout_8,2,4,1.1025,1.1061,0.873,0.8775,,33.1475
no_flip_cutout_8,2,5,1.043,1.126,0.9141,0.8663,,39.7598
no_flip_cutout_8,2,6,0.9849,1.064,0.9512,0.9018,,46.379
no_flip_cutout_8,2,7,0.9746,1.0415,0.9609,0.9118,,52.9845
no_flip_cutout_8,2,8,0.9194,1.0177,0.9863,0.9239,,59.5883
no_flip_cutout_8,2,9,0.9004,1.0027,0.9941,0.9325,,66.1798
no_flip_cutout_8,2,10,0.8867,0.9981,0.998,0.9342,0.9369,72.7822
no_flip_cutout_8,2,11,0.8833,0.9983,0.9961,0.9328,0.9361,79.3772
no_flip_cutout_8,3,0,1.5586,1.4346,0.5918,0.7067,,6.621
no_flip_cutout_8,3,1,1.293,1.2313,0.791,0.811,,13.2508
no_flip_cutout_8,3,2,1.168,1.1997,0.8418,0.8313,,19.8735
no_flip_cutout_8,3,3,1.0693,1.1897,0.9102,0.8376,,26.4713
no_flip_cutout_8,3,4,1.0732,1.1405,0.8926,0.8673,,33.0732
no_flip_cutout_8,3,5,1.0059,1.0992,0.9395,0.8822,,39.6759
no_flip_cutout_8,3,6,1.0068,1.0652,0.9316,0.8988,,46.2798
no_flip_cutout_8,3,7,0.9717,1.0469,0.9531,0.9104,,52.8748
no_flip_cutout_8,3,8,0.9355,1.0183,0.9688,0.923,,59.46
no_flip_cutout_8,3,9,0.8975,1.0049,0.9922,0.9327,,66.0229
no_flip_cutout_8,3,10,0.8877,1.0014,0.9961,0.9344,0.9355,72.5911
no_flip_cutout_8,3,11,0.8843,1.0007,1.0,0.9357,0.9367,79.1681
no_flip_cutout_12,1,0,1.5459,1.3706,0.5859,0.7395,,6.6044
no_flip_cutout_12,1,1,1.249,1.4179,0.7871,0.7006,,13.2126
no_flip_cutout_12,1,2,1.2041,1.2396,0.8262,0.8061,,19.8187
no_flip_cutout_12,1,3,1.1299,1.2248,0.8633,0.8119,,26.4087
no_flip_cutout_12,1,4,1.1162,1.1385,0.8633,0.8581,,33.0051
no_flip_cutout_12,1,5,1.04,1.1003,0.9082,0.8832,,39.6051
no_flip_cutout_12,1,6,1.0078,1.0689,0.9316,0.8963,,46.189
no_flip_cutout_12,1,7,0.9502,1.051,0.959,0.9057,,52.7859
no_flip_cutout_12,1,8,0.9302,1.0176,0.9746,0.9231,,59.3765
no_flip_cutout_12,1,9,0.9053,1.0046,0.9883,0.9298,,65.9485
no_flip_cutout_12,1,10,0.8872,1.0001,0.998,0.934,0.9365,72.5209
no_flip_cutout_12,1,11,0.8828,1.0018,1.0,0.9342,0.9382,79.0887
no_flip_cutout_12,2,0,1.502,1.446,0.6348,0.6938,,6.6041
no_flip_cutout_12,2,1,1.2666,1.2317,0.7812,0.8124,,13.2148
no_flip_cutout_12,2,2,1.208,1.235,0.8203,0.8073,,19.8018
no_flip_cutout_12,2,3,1.1055,1.2668,0.8867,0.7911,,26.4039
no_flip_cutout_12,2,4,1.0957,1.127,0.8809,0.866,,32.999
no_flip_cutout_12,2,5,1.0342,1.0785,0.918,0.8947,,39.5876
no_flip_cutout_12,2,6,0.9946,1.0753,0.9414,0.8935,,46.1798
no_flip_cutout_12,2,7,0.957,1.0474,0.9629,0.9071,,52.7638
no_flip_cutout_12,2,8,0.9258,1.0195,0.9727,0.9264,,59.3375
no_flip_cutout_12,2,9,0.9014,1.0091,0.9941,0.9289,,65.9007
no_flip_cutout_12,2,10,0.8848,1.0037,0.9941,0.933,0.9363,72.4681
no_flip_cutout_12,2,11,0.8843,1.0007,1.0,0.933,0.9367,79.0304
no_flip_cutout_12,3,0,1.5137,1.3976,0.6328,0.7194,,6.596
no_flip_cutout_12,3,1,1.2598,1.2598,0.7793,0.79,,13.1941
no_flip_cutout_12,3,2,1.1934,1.1944,0.834,0.8346,,19.7936
no_flip_cutout_12,3,3,1.1318,1.1934,0.8613,0.8293,,26.3824
no_flip_cutout_12,3,4,1.0645,1.1237,0.9023,0.8694,,32.9664
no_flip_cutout_12,3,5,1.0195,1.1043,0.9297,0.8792,,39.5563
no_flip_cutout_12,3,6,0.9834,1.0666,0.9512,0.8971,,46.135
no_flip_cutout_12,3,7,0.9604,1.0504,0.9648,0.9057,,52.7231
no_flip_cutout_12,3,8,0.9336,1.0214,0.9688,0.9217,,59.3068
no_flip_cutout_12,3,9,0.8965,1.0063,0.998,0.9274,,65.8699
no_flip_cutout_12,3,10,0.8887,1.0004,0.9961,0.9326,0.9345,72.4418
no_flip_cutout_12,3,11,0.8843,0.9985,0.998,0.9338,0.9349,79.0003
no_ema,1,0,1.5469,1.3496,0.6172,0.7449,,6.6164
no_ema,1,1,1.2393,1.299,0.8184,0.7728,,13.2237
no_ema,1,2,1.2178,1.247,0.8145,0.7996,,19.8368
no_ema,1,3,1.1592,1.2456,0.8613,0.795,,26.4391
no_ema,1,4,1.085,1.2017,0.8945,0.8212,,33.0476
no_ema,1,5,1.0947,1.0731,0.8848,0.8963,,39.6561
no_ema,1,6,1.0674,1.0607,0.8926,0.9028,,46.2628
no_ema,1,7,1.0186,1.0491,0.916,0.9061,,52.8687
no_ema,1,8,0.9751,1.015,0.957,0.9242,,59.4587
no_ema,1,9,0.9443,0.9951,0.9707,0.9339,,66.0485
no_ema,1,10,0.938,0.9965,0.9688,0.932,,72.6182
no_ema,1,11,0.9243,0.9922,0.9785,0.9354,,79.1951
no_ema,2,0,1.54,1.4008,0.6289,0.7122,,6.6125
no_ema,2,1,1.2617,1.3401,0.793,0.7487,,13.2247
no_ema,2,2,1.1904,1.3029,0.8438,0.7629,,19.8196
no_ema,2,3,1.1318,1.1651,0.8613,0.8478,,26.4199
no_ema,2,4,1.0771,1.1134,0.9023,0.8761,,33.0252
no_ema,2,5,1.0654,1.0976,0.8965,0.8813,,39.6274
no_ema,2,6,1.0742,1.0573,0.8887,0.9047,,46.2183
no_ema,2,7,0.9966,1.0497,0.9453,0.9062,,52.8246
no_ema,2,8,0.9771,1.0203,0.9414,0.9209,,59.4133
no_ema,2,9,0.939,0.9948,0.9688,0.9357,,65.996
no_ema,2,10,0.9331,0.9952,0.9785,0.9347,,72.5744
no_ema,2,11,0.9092,0.9882,0.9922,0.9416,,79.1577
no_ema,3,0,1.5508,1.396,0.623,0.7267,,6.6083
no_ema,3,1,1.2803,1.2794,0.793,0.7807,,13.2184
no_ema,3,2,1.1924,1.1928,0.834,0.838,,19.8193
no_ema,3,3,1.168,1.1687,0.834,0.8405,,26.4201
no_ema,3,4,1.1211,1.1505,0.8535,0.854,,33.0296
no_ema,3,5,1.0703,1.1357,0.8926,0.8585,,39.6298
no_ema,3,6,1.0801,1.0776,0.8926,0.8919,,46.2308
no_ema,3,7,1.0283,1.0352,0.918,0.9146,,52.8374
no_ema,3,8,0.9766,1.0198,0.9492,0.9229,,59.424
no_ema,3,9,0.9551,1.0007,0.957,0.9326,,66.0183
no_ema,3,10,0.9614,0.9981,0.9551,0.9319,,72.6147
no_ema,3,11,0.9175,0.9909,0.9844,0.9386,,79.2089
cosine_scheduler,1,0,1.6973,1.5429,0.5508,0.6525,,6.6257
cosine_scheduler,1,1,1.2461,1.4828,0.8203,0.6741,,13.2526
cosine_scheduler,1,2,1.1816,1.2887,0.8398,0.7737,,19.8525
cosine_scheduler,1,3,1.1172,1.1578,0.877,0.8543,,26.4629
cosine_scheduler,1,4,1.1074,1.1819,0.877,0.8353,,33.0692
cosine_scheduler,1,5,1.1025,1.1489,0.873,0.8544,,39.6701
cosine_scheduler,1,6,1.0215,1.0538,0.9297,0.9053,,46.2781
cosine_scheduler,1,7,1.0176,1.0194,0.9219,0.9253,,52.8841
cosine_scheduler,1,8,0.9487,1.0054,0.9629,0.9285,,59.48
cosine_scheduler,1,9,0.9346,0.9936,0.9707,0.9358,,66.0737
cosine_scheduler,1,10,0.9209,0.9971,0.9844,0.9318,0.9414,72.6948
cosine_scheduler,1,11,0.9121,0.9938,0.9844,0.937,0.9421,79.3222
cosine_scheduler,2,0,1.7422,1.4372,0.4883,0.7,,6.6343
cosine_scheduler,2,1,1.2178,1.2736,0.8242,0.7916,,13.2634
cosine_scheduler,2,2,1.1748,1.2151,0.8574,0.8245,,19.8744
cosine_scheduler,2,3,1.1602,1.2608,0.8477,0.7894,,26.4872
cosine_scheduler,2,4,1.1318,1.1446,0.873,0.8553,,33.0968
cosine_scheduler,2,5,1.1055,1.0895,0.8789,0.8861,,39.7084
cosine_scheduler,2,6,1.0146,1.0445,0.9258,0.9108,,46.3173
cosine_scheduler,2,7,1.0322,1.0241,0.9238,0.9183,,52.9208
cosine_scheduler,2,8,0.9663,1.0082,0.9512,0.9279,,59.5248
cosine_scheduler,2,9,0.9277,1.0011,0.9766,0.9311,,66.1216
cosine_scheduler,2,10,0.9365,0.9986,0.9727,0.9355,0.9398,72.7463
cosine_scheduler,2,11,0.9058,0.9943,0.9941,0.9338,0.9398,79.3627
cosine_scheduler,3,0,1.7891,1.6388,0.4316,0.5776,,6.6275
cosine_scheduler,3,1,1.2666,1.3026,0.8125,0.7745,,13.2428
cosine_scheduler,3,2,1.1924,1.1803,0.834,0.8386,,19.851
cosine_scheduler,3,3,1.1553,1.2708,0.8516,0.7908,,26.4703
cosine_scheduler,3,4,1.1592,1.1377,0.8535,0.8616,,33.0858
cosine_scheduler,3,5,1.0918,1.0932,0.8867,0.8859,,39.7007
cosine_scheduler,3,6,1.0371,1.0522,0.9297,0.9055,,46.3108
cosine_scheduler,3,7,1.0127,1.0246,0.9297,0.9201,,52.9201
cosine_scheduler,3,8,0.9829,1.0038,0.9434,0.9317,,59.5299
cosine_scheduler,3,9,0.9277,0.9926,0.9785,0.9365,,66.1394
cosine_scheduler,3,10,0.9268,0.9948,0.9785,0.937,0.9419,72.76
cosine_scheduler,3,11,0.9126,0.9918,0.9824,0.9398,0.9429,79.3849
silu,1,0,1.6318,1.3775,0.5605,0.7226,,6.361
silu,1,1,1.3125,1.4083,0.7754,0.7055,,12.6837
silu,1,2,1.2764,1.2925,0.7949,0.7707,,19.0061
silu,1,3,1.2021,1.2166,0.8281,0.8126,,25.3125
silu,1,4,1.1357,1.1307,0.8574,0.861,,31.6205
silu,1,5,1.0908,1.1281,0.8848,0.866,,37.9286
silu,1,6,1.0947,1.0796,0.8809,0.8921,,44.2284
silu,1,7,1.0342,1.0437,0.918,0.9102,,50.5256
silu,1,8,1.0195,1.0268,0.9141,0.9196,,56.8166
silu,1,9,0.9609,1.0087,0.959,0.9296,,63.1052
silu,1,10,0.9697,1.0005,0.9551,0.9312,0.9393,69.3969
silu,1,11,0.9473,1.0056,0.9629,0.9278,0.9408,75.6994
silu,2,0,1.5469,1.5806,0.6504,0.6152,,6.3749
silu,2,1,1.3057,1.5009,0.7578,0.6711,,12.7131
silu,2,2,1.25,1.5421,0.8105,0.6233,,19.0418
silu,2,3,1.1631,1.1799,0.8594,0.8356,,25.3627
silu,2,4,1.1152,1.1186,0.8867,0.874,,31.667
silu,2,5,1.1191,1.1362,0.8652,0.86,,37.9801
silu,2,6,1.0547,1.0905,0.9062,0.8883,,44.2757
silu,2,7,1.0352,1.0408,0.9238,0.9117,,50.575
silu,2,8,0.9907,1.0321,0.9375,0.9158,,56.8691
silu,2,9,0.96,1.0018,0.9531,0.931,,63.1631
silu,2,10,0.9268,1.0004,0.9805,0.9311,0.9377,69.458
silu,2,11,0.9253,0.999,0.9766,0.9342,0.9396,75.7466
silu,3,0,1.5811,1.468,0.5918,0.6761,,6.3668
silu,3,1,1.2539,1.4535,0.7891,0.6939,,12.6839
silu,3,2,1.2129,1.3289,0.8203,0.7599,,19.0006
silu,3,3,1.167,1.2015,0.8438,0.8259,,25.2983
silu,3,4,1.083,1.143,0.8945,0.8612,,31.6053
silu,3,5,1.0928,1.1089,0.9004,0.8776,,37.9154
silu,3,6,1.0723,1.096,0.8965,0.887,,44.2173
silu,3,7,1.0273,1.0749,0.9277,0.892,,50.5191
silu,3,8,1.002,1.0279,0.9395,0.9159,,56.8095
silu,3,9,0.9561,1.003,0.9648,0.9324,,63.0951
silu,3,10,0.9351,1.0032,0.9707,0.9306,0.9359,69.3867
silu,3,11,0.9399,0.9989,0.9746,0.9334,0.9393,75.6797
relu,1,0,1.5537,1.464,0.6074,0.688,,6.3827
relu,1,1,1.2549,1.2324,0.7852,0.815,,12.7258
relu,1,2,1.2178,1.3154,0.8145,0.7641,,19.0561
relu,1,3,1.1562,1.1987,0.8418,0.824,,25.3668
relu,1,4,1.1709,1.171,0.8477,0.8457,,31.6748
relu,1,5,1.1104,1.1516,0.875,0.8536,,37.9852
relu,1,6,1.0811,1.0978,0.8926,0.8847,,44.2971
relu,1,7,1.0332,1.0482,0.9258,0.9092,,50.6022
relu,1,8,0.9941,1.0236,0.9453,0.9216,,56.9021
relu,1,9,0.9746,1.005,0.9609,0.932,,63.1692
relu,1,10,0.9478,0.9977,0.9648,0.936,0.9398,69.438
relu,1,11,0.9238,0.9967,0.9922,0.9339,0.9424,75.7117
relu,2,0,1.5742,1.5647,0.5996,0.626,,6.343
relu,2,1,1.2646,1.3734,0.7988,0.7332,,12.6509
relu,2,2,1.248,1.3566,0.8066,0.7536,,18.9523
relu,2,3,1.1768,1.1754,0.8379,0.8403,,25.2455
relu,2,4,1.1465,1.1693,0.8516,0.8392,,31.524
relu,2,5,1.1035,1.1301,0.8672,0.8605,,37.8031
relu,2,6,1.0537,1.0876,0.9023,0.8836,,44.0659
relu,2,7,1.0215,1.0457,0.9297,0.9099,,50.319
relu,2,8,0.9927,1.0343,0.9395,0.9138,,56.5687
relu,2,9,0.9614,1.0038,0.9512,0.9317,,62.7914
relu,2,10,0.9419,1.0001,0.9766,0.9323,0.9383,69.0224
relu,2,11,0.9248,0.9987,0.9844,0.9325,0.9403,75.2481
relu,3,0,1.6826,1.6331,0.5312,0.6116,,6.326
relu,3,1,1.2939,1.591,0.7812,0.6104,,12.6191
relu,3,2,1.2207,1.2598,0.8242,0.794,,18.9058
relu,3,3,1.1543,1.2296,0.8477,0.8078,,25.1693
relu,3,4,1.127,1.159,0.875,0.8487,,31.4422
relu,3,5,1.0918,1.1019,0.8926,0.8768,,37.7113
relu,3,6,1.0703,1.1071,0.8906,0.8782,,43.9714
relu,3,7,1.0498,1.0568,0.9082,0.9018,,50.2152
relu,3,8,0.9946,1.037,0.9375,0.9155,,56.4572
relu,3,9,0.9785,1.0048,0.9453,0.9289,,62.6919
relu,3,10,0.9375,0.9977,0.9688,0.9328,0.9391,68.9296
relu,3,11,0.9253,0.9976,0.9844,0.9332,0.9414,75.1538
fp32,1,0,1.532,1.4197,0.6465,0.6999,,22.4172
fp32,1,1,1.2718,1.3129,0.8086,0.7635,,44.891
fp32,1,2,1.2425,1.2789,0.8281,0.7781,,67.4923
fp32,1,3,1.149,1.1731,0.8633,0.8398,,90.2373
fp32,1,4,1.0937,1.1418,0.873,0.8553,,113.1757
fp32,1,5,1.1324,1.079,0.8555,0.892,,136.1737
fp32,1,6,1.0338,1.0651,0.9141,0.8991,,159.1533
fp32,1,7,1.0278,1.0336,0.9238,0.9153,,182.1325
fp32,1,8,0.9854,1.0161,0.9473,0.9245,,205.1669
fp32,1,9,0.9293,0.9947,0.9746,0.9368,,228.131
fp32,1,10,0.9378,0.9923,0.9785,0.9381,0.9414,250.9822
fp32,1,11,0.922,0.9886,0.9766,0.9386,0.9434,273.7248
fp32,2,0,1.523,1.4796,0.6406,0.6759,,22.6612
fp32,2,1,1.2706,1.2474,0.7852,0.8035,,45.3143
fp32,2,2,1.1892,1.3183,0.8223,0.7628,,68.0476
fp32,2,3,1.1377,1.2092,0.8652,0.8167,,90.9221
fp32,2,4,1.0956,1.1199,0.8867,0.8694,,113.8455
fp32,2,5,1.0885,1.0716,0.8945,0.8971,,136.8508
fp32,2,6,1.0497,1.0487,0.9082,0.9112,,159.8558
fp32,2,7,1.0274,1.0316,0.9297,0.9178,,182.8132
fp32,2,8,0.9821,1.0204,0.9492,0.9209,,205.8452
fp32,2,9,0.9541,0.9956,0.957,0.9351,,228.7066
fp32,2,10,0.9343,0.9937,0.9648,0.9376,0.9417,251.5346
fp32,2,11,0.9227,0.994,0.9766,0.9346,0.9439,274.2768
fp32,3,0,1.564,1.3506,0.6035,0.7476,,22.6611
fp32,3,1,1.2629,1.2351,0.7852,0.8063,,45.3117
fp32,3,2,1.199,1.1981,0.8164,0.8296,,67.9776
fp32,3,3,1.1339,1.194,0.8574,0.8244,,90.6488
fp32,3,4,1.1522,1.1442,0.8281,0.8538,,113.2851
fp32,3,5,1.0715,1.0843,0.9121,0.8903,,135.9361
fp32,3,6,1.0625,1.0514,0.8984,0.9071,,158.5873
fp32,3,7,1.0025,1.0503,0.9258,0.906,,181.3528
fp32,3,8,0.9819,1.0181,0.959,0.9254,,204.227
fp32,3,9,0.9376,0.999,0.9648,0.934,,227.2354
fp32,3,10,0.9175,0.9972,0.9863,0.9347,0.942,250.3469
fp32,3,11,0.905,0.9906,0.9902,0.9374,0.9434,273.4269